id,key,hint,name,tags,solved,hintUrl,category,createdAt,updatedAt,difficulty,description,disabledEnv,mitigationUrl,tutorialOrder,codingChallengeStatus
1,restfulXssChallenge,You need to work with the server-side API directly. Try different HTTP verbs on different entities exposed through the API.,API-only XSS,Danger Zone,0,https://pwning.owasp-juice.shop/companion-guide/latest/part2/xss.html#_perform_a_persisted_xss_attack_without_using_the_frontend_application_at_all,XSS,2024-07-02 07:39:14.013 +00:00,2024-07-02 07:39:14.013 +00:00,3,"Perform a <i>persisted</i> XSS attack with <code>&lt;iframe src=""javascript:alert(`xss`)""&gt;</code> without using the frontend application at all. <em>(This challenge is <strong>potentially harmful</strong> on Docker!)</em>",Docker,https://cheatsheetseries.owasp.org/cheatsheets/Cross_Site_Scripting_Prevention_Cheat_Sheet.html,NULL,0
2,accessLogDisclosureChallenge,Who would want a server access log to be accessible through a web application?,Access Log,NULL,0,https://pwning.owasp-juice.shop/companion-guide/latest/part2/sensitive-data-exposure.html#_gain_access_to_any_access_log_file_of_the_server,Sensitive Data Exposure,2024-07-02 07:39:14.013 +00:00,2024-07-02 07:39:14.013 +00:00,4,Gain access to any access log file of the server.,NULL,https://cheatsheetseries.owasp.org/cheatsheets/Logging_Cheat_Sheet.html,NULL,0
3,registerAdminChallenge,You have to assign the unassignable.,Admin Registration,NULL,0,https://pwning.owasp-juice.shop/companion-guide/latest/part2/improper-input-validation.html#_register_as_a_user_with_administrator_privileges,Improper Input Validation,2024-07-02 07:39:14.014 +00:00,2024-07-02 07:39:14.014 +00:00,3,Register as a user with administrator privileges.,NULL,https://cheatsheetseries.owasp.org/cheatsheets/Mass_Assignment_Cheat_Sheet.html,NULL,0
4,adminSectionChallenge,It is just slightly harder to find than the score board link.,Admin Section,Good for Demos,0,https://pwning.owasp-juice.shop/companion-guide/latest/part2/broken-access-control.html#_access_the_administration_section_of_the_store,Broken Access Control,2024-07-02 07:39:14.014 +00:00,2024-07-02 07:39:14.014 +00:00,2,Access the administration section of the store.,NULL,https://cheatsheetseries.owasp.org/cheatsheets/Authorization_Cheat_Sheet.html,NULL,0
5,fileWriteChallenge,Look out for a tweet praising new functionality of the web shop. Then find a third party vulnerability associated with it.,Arbitrary File Write,"Danger Zone,Prerequisite",0,https://pwning.owasp-juice.shop/companion-guide/latest/part2/vulnerable-components.html#_overwrite_the_legal_information_file,Vulnerable Components,2024-07-02 07:39:14.014 +00:00,2024-07-02 07:39:14.014 +00:00,6,"Overwrite the <a href=""/ftp/legal.md"">Legal Information</a> file. <em>(This challenge is <strong>potentially harmful</strong> on Docker!)</em>",Docker,https://cheatsheetseries.owasp.org/cheatsheets/Vulnerable_Dependency_Management_Cheat_Sheet.html,NULL,0
6,resetPasswordBjoernOwaspChallenge,He might have trumpeted it on at least one occasion where a camera was running. Maybe elsewhere as well.,Bjoern's Favorite Pet,OSINT,0,https://pwning.owasp-juice.shop/companion-guide/latest/part2/broken-authentication.html#_reset_the_password_of_bjoerns_owasp_account_via_the_forgot_password_mechanism,Broken Authentication,2024-07-02 07:39:14.014 +00:00,2024-07-02 07:39:14.014 +00:00,3,"Reset the password of Bjoern's OWASP account via the <a href=""/#/forgot-password"">Forgot Password</a> mechanism with <i>the original answer</i> to his security question.",NULL,https://cheatsheetseries.owasp.org/cheatsheets/Choosing_and_Using_Security_Questions_Cheat_Sheet.html,NULL,0
7,tokenSaleChallenge,"The developers truly believe in ""Security through Obscurity"" over actual access restrictions.",Blockchain Hype,"Contraption,Code Analysis,Web3",0,https://pwning.owasp-juice.shop/companion-guide/latest/part2/security-through-obscurity.html#_learn_about_the_token_sale_before_its_official_announcement,Security through Obscurity,2024-07-02 07:39:14.014 +00:00,2024-07-02 07:39:14.014 +00:00,5,Learn about the Token Sale before its official announcement.,NULL,NULL,NULL,0
8,nftUnlockChallenge,Find the seed phrase posted accidentally.,NFT Takeover,"Contraption,Good for Demos,Web3",0,https://pwning.owasp-juice.shop/companion-guide/latest/part2/sensitive-data-exposure.html#_take_over_the_wallet_containing_our_official_soul_bound_token,Sensitive Data Exposure,2024-07-02 07:39:14.014 +00:00,2024-07-02 07:39:14.014 +00:00,2,Take over the wallet containing our official Soul Bound Token (NFT).,NULL,NULL,NULL,0
9,nftMintChallenge,Discover NFT wonders among the captivating visual memories.,Mint the Honey Pot,"Web3,Internet Traffic",0,https://pwning.owasp-juice.shop/companion-guide/latest/part2/improper-input-validation.html#_mint_the_honey_pot_nft_by_gathering_bees_from_the_bee_haven,Improper Input Validation,2024-07-02 07:39:14.014 +00:00,2024-07-02 07:39:14.014 +00:00,3,Mint the Honey Pot NFT by gathering BEEs from the bee haven.,NULL,NULL,NULL,0
10,web3WalletChallenge,Try to exploit the contract of the wallet.,Wallet Depletion,"Web3,Internet Traffic",0,https://pwning.owasp-juice.shop/companion-guide/latest/part2/miscellaneous.html#_withdraw_more_eth_from_the_new_wallet_than_you_deposited,Miscellaneous,2024-07-02 07:39:14.014 +00:00,2024-07-02 07:39:14.014 +00:00,6,Withdraw more ETH from the new wallet than you deposited.,NULL,NULL,NULL,0
11,web3SandboxChallenge,It is just as easy as finding the Score Board.,Web3 Sandbox,Web3,0,https://pwning.owasp-juice.shop/companion-guide/latest/part2/broken-access-control.html#_find_an_accidentally_deployed_code_sandbox,Broken Access Control,2024-07-02 07:39:14.015 +00:00,2024-07-02 07:39:14.015 +00:00,1,Find an accidentally deployed code sandbox for writing smart contracts on the fly.,NULL,NULL,NULL,0
12,rceChallenge,The feature you need to exploit for this challenge is not directly advertised anywhere.,Blocked RCE DoS,Danger Zone,0,https://pwning.owasp-juice.shop/companion-guide/latest/part2/insecure-deserialization.html#_perform_a_remote_code_execution_that_would_keep_a_less_hardened_application_busy_forever,Insecure Deserialization,2024-07-02 07:39:14.015 +00:00,2024-07-02 07:39:14.015 +00:00,5,Perform a Remote Code Execution that would keep a less hardened application busy <em>forever</em>. <em>(This challenge is <strong>potentially harmful</strong> on Docker!)</em>,Docker,https://cheatsheetseries.owasp.org/cheatsheets/Denial_of_Service_Cheat_Sheet.html,NULL,0
13,captchaBypassChallenge,"After finding a CAPTCHA bypass, write a script that automates feedback submission. Or open many browser tabs and be really quick.",CAPTCHA Bypass,Brute Force,0,https://pwning.owasp-juice.shop/companion-guide/latest/part2/broken-anti-automation.html#_submit_10_or_more_customer_feedbacks_within_20_seconds,Broken Anti Automation,2024-07-02 07:39:14.015 +00:00,2024-07-02 07:39:14.015 +00:00,3,Submit 10 or more customer feedbacks within 20 seconds.,NULL,NULL,NULL,0
14,changePasswordBenderChallenge,In previous releases this challenge was wrongly accused of being based on CSRF.,Change Bender's Password,NULL,0,https://pwning.owasp-juice.shop/companion-guide/latest/part2/broken-authentication.html#_change_benders_password_into_slurmcl4ssic_without_using_sql_injection_or_forgot_password,Broken Authentication,2024-07-02 07:39:14.015 +00:00,2024-07-02 07:39:14.015 +00:00,5,Change Bender's password into <i>slurmCl4ssic</i> without using SQL Injection or Forgot Password.,NULL,https://cheatsheetseries.owasp.org/cheatsheets/Authentication_Cheat_Sheet.html,NULL,0
15,christmasSpecialChallenge,Find out how the application handles unavailable products and try to find a loophole.,Christmas Special,NULL,0,https://pwning.owasp-juice.shop/companion-guide/latest/part2/injection.html#_order_the_christmas_special_offer_of_2014,Injection,2024-07-02 07:39:14.015 +00:00,2024-07-02 07:39:14.015 +00:00,4,Order the Christmas special offer of 2014.,NULL,https://cheatsheetseries.owasp.org/cheatsheets/SQL_Injection_Prevention_Cheat_Sheet.html,NULL,0
16,usernameXssChallenge,"What is even ""better"" than a legacy page with a homegrown RegEx sanitizer? Having CSP injection issues on the exact same page as well!",CSP Bypass,Danger Zone,0,https://pwning.owasp-juice.shop/companion-guide/latest/part2/xss.html#_bypass_the_content_security_policy_and_perform_an_xss_attack_on_a_legacy_page,XSS,2024-07-02 07:39:14.015 +00:00,2024-07-02 07:39:14.015 +00:00,4,Bypass the Content Security Policy and perform an XSS attack with <code>&lt;script&gt;alert(`xss`)&lt;/script&gt;</code> on a legacy page within the application. <em>(This challenge is <strong>potentially harmful</strong> on Docker!)</em>,Docker,https://cheatsheetseries.owasp.org/cheatsheets/Cross_Site_Scripting_Prevention_Cheat_Sheet.html,NULL,0
17,persistedXssUserChallenge,Only some input fields validate their input. Even less of these are persisted in a way where their content is shown on another screen.,Client-side XSS Protection,Danger Zone,0,https://pwning.owasp-juice.shop/companion-guide/latest/part2/xss.html#_perform_a_persisted_xss_attack_bypassing_a_client_side_security_mechanism,XSS,2024-07-02 07:39:14.015 +00:00,2024-07-02 07:39:14.015 +00:00,3,"Perform a <i>persisted</i> XSS attack with <code>&lt;iframe src=""javascript:alert(`xss`)""&gt;</code> bypassing a <i>client-side</i> security mechanism. <em>(This challenge is <strong>potentially harmful</strong> on Docker!)</em>",Docker,https://cheatsheetseries.owasp.org/cheatsheets/Cross_Site_Scripting_Prevention_Cheat_Sheet.html,NULL,0
18,directoryListingChallenge,Analyze and tamper with links in the application that deliver a file directly.,Confidential Document,Good for Demos,1,https://pwning.owasp-juice.shop/companion-guide/latest/part2/sensitive-data-exposure.html#_access_a_confidential_document,Sensitive Data Exposure,2024-07-02 07:39:14.016 +00:00,2024-07-02 08:30:09.028 +00:00,1,Access a confidential document.,NULL,NULL,NULL,0
19,localXssChallenge,Look for an input field where its content appears in the HTML when its form is submitted.,DOM XSS,"Tutorial,Good for Demos",0,https://pwning.owasp-juice.shop/companion-guide/latest/part2/xss.html#_perform_a_dom_xss_attack,XSS,2024-07-02 07:39:14.016 +00:00,2024-07-02 07:39:14.016 +00:00,1,"Perform a <i>DOM</i> XSS attack with <code>&lt;iframe src=""javascript:alert(`xss`)""&gt;</code>.",NULL,https://cheatsheetseries.owasp.org/cheatsheets/DOM_based_XSS_Prevention_Cheat_Sheet.html,2,0
20,dbSchemaChallenge,Find out where this information could come from. Then craft a UNION SELECT attack string against an endpoint that offers an unnecessary way to filter data.,Database Schema,NULL,0,https://pwning.owasp-juice.shop/companion-guide/latest/part2/injection.html#_exfiltrate_the_entire_db_schema_definition_via_sql_injection,Injection,2024-07-02 07:39:14.016 +00:00,2024-07-02 07:39:14.016 +00:00,3,Exfiltrate the entire DB schema definition via SQL Injection.,NULL,https://cheatsheetseries.owasp.org/cheatsheets/SQL_Injection_Prevention_Cheat_Sheet.html,NULL,0
21,deprecatedInterfaceChallenge,The developers who disabled the interface think they could go invisible by just closing their eyes.,Deprecated Interface,"Contraption,Prerequisite",0,https://pwning.owasp-juice.shop/companion-guide/latest/part2/security-misconfiguration.html#_use_a_deprecated_b2b_interface_that_was_not_properly_shut_down,Security Misconfiguration,2024-07-02 07:39:14.016 +00:00,2024-07-02 07:39:14.016 +00:00,2,Use a deprecated B2B interface that was not properly shut down.,NULL,https://cheatsheetseries.owasp.org/cheatsheets/Web_Service_Security_Cheat_Sheet.html,NULL,0
22,easterEggLevelOneChallenge,"If you solved one of the three file access challenges, you already know where to find the easter egg.",Easter Egg,"Shenanigans,Contraption,Good for Demos",0,https://pwning.owasp-juice.shop/companion-guide/latest/part2/broken-access-control.html#_find_the_hidden_easter_egg,Broken Access Control,2024-07-02 07:39:14.016 +00:00,2024-07-02 07:39:14.016 +00:00,4,"Find the hidden <a href=""https://en.wikipedia.org/wiki/Easter_egg_(media)"" target=""_blank"">easter egg</a>.",NULL,NULL,NULL,0
23,emailLeakChallenge,Try to find and attack an endpoint that responds with user information. SQL Injection is not the solution here.,Email Leak,NULL,0,https://pwning.owasp-juice.shop/companion-guide/latest/part2/sensitive-data-exposure.html#_perform_an_unwanted_information_disclosure_by_accessing_data_cross_domain,Sensitive Data Exposure,2024-07-02 07:39:14.016 +00:00,2024-07-02 07:39:14.016 +00:00,5,Perform an unwanted information disclosure by accessing data cross-domain.,NULL,https://cheatsheetseries.owasp.org/cheatsheets/XS_Leaks_Cheat_Sheet.html,NULL,0
24,emptyUserRegistration,Consider intercepting and playing with the request payload.,Empty User Registration,NULL,0,https://pwning.owasp-juice.shop/companion-guide/latest/part2/improper-input-validation.html#_register_a_user_account_with_an_empty_email_and_password,Improper Input Validation,2024-07-02 07:39:14.016 +00:00,2024-07-02 07:39:14.016 +00:00,2,Register a user with an empty email and password.,NULL,https://cheatsheetseries.owasp.org/cheatsheets/Input_Validation_Cheat_Sheet.html,NULL,0
25,ephemeralAccountantChallenge,"Try to create the needed user ""out of thin air"".",Ephemeral Accountant,NULL,0,https://pwning.owasp-juice.shop/companion-guide/latest/part2/injection.html#_log_in_with_the_non_existing_accountant_without_ever_registering_that_user,Injection,2024-07-02 07:39:14.016 +00:00,2024-07-02 07:39:14.016 +00:00,4,Log in with the (non-existing) accountant <i>acc0unt4nt@juice-sh.op</i> without ever registering that user.,NULL,https://cheatsheetseries.owasp.org/cheatsheets/SQL_Injection_Prevention_Cheat_Sheet.html,NULL,0
26,errorHandlingChallenge,Try to submit bad input to forms. Alternatively tamper with URL paths or parameters.,Error Handling,Prerequisite,1,https://pwning.owasp-juice.shop/companion-guide/latest/part2/security-misconfiguration.html#_provoke_an_error_that_is_neither_very_gracefully_nor_consistently_handled,Security Misconfiguration,2024-07-02 07:39:14.016 +00:00,2024-07-02 07:56:19.202 +00:00,1,Provoke an error that is neither very gracefully nor consistently handled.,NULL,https://cheatsheetseries.owasp.org/cheatsheets/Error_Handling_Cheat_Sheet.html,NULL,0
27,manipulateClockChallenge,Try to identify past special event or holiday campaigns of the shop first.,Expired Coupon,NULL,0,https://pwning.owasp-juice.shop/companion-guide/latest/part2/improper-input-validation.html#_successfully_redeem_an_expired_campaign_coupon_code,Improper Input Validation,2024-07-02 07:39:14.016 +00:00,2024-07-02 07:39:14.016 +00:00,4,Successfully redeem an expired campaign coupon code.,NULL,NULL,NULL,0
28,extraLanguageChallenge,"Brute force is not the only option for this challenge, but a perfectly viable one.",Extra Language,Brute Force,0,https://pwning.owasp-juice.shop/companion-guide/latest/part2/broken-anti-automation.html#_retrieve_the_language_file_that_never_made_it_into_production,Broken Anti Automation,2024-07-02 07:39:14.016 +00:00,2024-07-02 07:39:14.016 +00:00,5,Retrieve the language file that never made it into production.,NULL,NULL,NULL,0
29,feedbackChallenge,"Once you found admin section of the application, this challenge is almost trivial.",Five-Star Feedback,NULL,0,https://pwning.owasp-juice.shop/companion-guide/latest/part2/broken-access-control.html#_get_rid_of_all_5_star_customer_feedback,Broken Access Control,2024-07-02 07:39:14.016 +00:00,2024-07-02 07:39:14.016 +00:00,2,Get rid of all 5-star customer feedback.,NULL,https://cheatsheetseries.owasp.org/cheatsheets/Authorization_Cheat_Sheet.html,NULL,0
30,forgedCouponChallenge,Try either a) a knowledgeable brute force attack or b) reverse engineering or c) some research in the cloud.,Forged Coupon,"Good for Demos,Code Analysis",0,https://pwning.owasp-juice.shop/companion-guide/latest/part2/cryptographic-issues.html#_forge_a_coupon_code_that_gives_you_a_discount_of_at_least_80,Cryptographic Issues,2024-07-02 07:39:14.016 +00:00,2024-07-02 07:39:14.016 +00:00,6,Forge a coupon code that gives you a discount of at least 80%.,NULL,https://cheatsheetseries.owasp.org/cheatsheets/Cryptographic_Storage_Cheat_Sheet.html,NULL,0
31,forgedFeedbackChallenge,You can solve this by tampering with the user interface or by intercepting the communication with the RESTful backend.,Forged Feedback,Tutorial,0,https://pwning.owasp-juice.shop/companion-guide/latest/part2/broken-access-control.html#_post_some_feedback_in_another_users_name,Broken Access Control,2024-07-02 07:39:14.016 +00:00,2024-07-02 07:39:14.016 +00:00,3,Post some feedback in another user's name.,NULL,https://cheatsheetseries.owasp.org/cheatsheets/Authorization_Cheat_Sheet.html,8,0
32,forgedReviewChallenge,Observe the flow of product review posting and editing and see if you can exploit it.,Forged Review,NULL,0,https://pwning.owasp-juice.shop/companion-guide/latest/part2/broken-access-control.html#_post_a_product_review_as_another_user_or_edit_any_users_existing_review,Broken Access Control,2024-07-02 07:39:14.016 +00:00,2024-07-02 07:39:14.016 +00:00,3,Post a product review as another user or edit any user's existing review.,NULL,https://cheatsheetseries.owasp.org/cheatsheets/Authorization_Cheat_Sheet.html,NULL,0
33,jwtForgedChallenge,This challenge is explicitly not about acquiring the RSA private key used for JWT signing.,Forged Signed JWT,NULL,0,https://pwning.owasp-juice.shop/companion-guide/latest/part2/vulnerable-components.html#_forge_an_almost_properly_rsa_signed_jwt_token,Vulnerable Components,2024-07-02 07:39:14.017 +00:00,2024-07-02 07:39:14.017 +00:00,6,Forge an almost properly RSA-signed JWT token that impersonates the (non-existing) user <i>rsa_lord@juice-sh.op</i>.,NULL,https://cheatsheetseries.owasp.org/cheatsheets/JSON_Web_Token_for_Java_Cheat_Sheet.html,NULL,0
34,forgottenDevBackupChallenge,You need to trick a security mechanism into thinking that the file you want has a valid file type.,Forgotten Developer Backup,"Contraption,Good for Demos,Prerequisite",0,https://pwning.owasp-juice.shop/companion-guide/latest/part2/sensitive-data-exposure.html#_access_a_developers_forgotten_backup_file,Sensitive Data Exposure,2024-07-02 07:39:14.017 +00:00,2024-07-02 07:39:14.017 +00:00,4,Access a developer's forgotten backup file.,NULL,NULL,NULL,0
35,forgottenBackupChallenge,You need to trick a security mechanism into thinking that the file you want has a valid file type.,Forgotten Sales Backup,Contraption,0,https://pwning.owasp-juice.shop/companion-guide/latest/part2/sensitive-data-exposure.html#_access_a_salesmans_forgotten_backup_file,Sensitive Data Exposure,2024-07-02 07:39:14.017 +00:00,2024-07-02 07:39:14.017 +00:00,4,Access a salesman's forgotten backup file.,NULL,NULL,NULL,0
36,typosquattingAngularChallenge,This challenge has nothing to do with mistyping web domains. There is no conveniently misplaced file helping you with this one either. Or is there?,Frontend Typosquatting,NULL,0,https://pwning.owasp-juice.shop/companion-guide/latest/part2/vulnerable-components.html#_inform_the_shop_about_a_typosquatting_imposter_that_dug_itself_deep_into_the_frontend,Vulnerable Components,2024-07-02 07:39:14.017 +00:00,2024-07-02 07:39:14.017 +00:00,5,"<a href=""/#/contact"">Inform the shop</a> about a <i>typosquatting</i> imposter that dug itself deep into the frontend. (Mention the exact name of the culprit)",NULL,https://cheatsheetseries.owasp.org/cheatsheets/Vulnerable_Dependency_Management_Cheat_Sheet.html,NULL,0
37,ghostLoginChallenge,"Turns out that something is technically and legally wrong with the implementation of the ""right to be forgotten"" for users.",GDPR Data Erasure,NULL,0,https://pwning.owasp-juice.shop/companion-guide/latest/part2/broken-authentication.html#_log_in_with_chris_erased_user_account,Broken Authentication,2024-07-02 07:39:14.017 +00:00,2024-07-02 07:39:14.017 +00:00,3,Log in with Chris' erased user account.,NULL,https://cheatsheetseries.owasp.org/cheatsheets/User_Privacy_Protection_Cheat_Sheet.html,NULL,0
38,dataExportChallenge,Trick the regular Data Export to give you more than actually belongs to you.,GDPR Data Theft,NULL,0,https://pwning.owasp-juice.shop/companion-guide/latest/part2/sensitive-data-exposure.html#_steal_someone_elses_personal_data_without_using_injection,Sensitive Data Exposure,2024-07-02 07:39:14.017 +00:00,2024-07-02 07:39:14.017 +00:00,4,Steal someone else's personal data without using Injection.,NULL,https://cheatsheetseries.owasp.org/cheatsheets/User_Privacy_Protection_Cheat_Sheet.html,NULL,0
39,httpHeaderXssChallenge,Finding a piece of displayed information that could originate from an HTTP header is part of this challenge.,HTTP-Header XSS,Danger Zone,0,https://pwning.owasp-juice.shop/companion-guide/latest/part2/xss.html#_perform_a_persisted_xss_attack_through_an_http_header,XSS,2024-07-02 07:39:14.017 +00:00,2024-07-02 07:39:14.017 +00:00,4,"Perform a <i>persisted</i> XSS attack with <code>&lt;iframe src=""javascript:alert(`xss`)""&gt;</code> through an HTTP header. <em>(This challenge is <strong>potentially harmful</strong> on Docker!)</em>",Docker,https://cheatsheetseries.owasp.org/cheatsheets/Cross_Site_Scripting_Prevention_Cheat_Sheet.html,NULL,0
40,continueCodeChallenge,You need to trick the hacking progress persistence feature into thinking you solved challenge #999.,Imaginary Challenge,"Shenanigans,Code Analysis",0,https://pwning.owasp-juice.shop/companion-guide/latest/part2/cryptographic-issues.html#_solve_challenge_999,Cryptographic Issues,2024-07-02 07:39:14.017 +00:00,2024-07-02 07:39:14.017 +00:00,6,"Solve challenge #999. Unfortunately, this challenge does not exist.",NULL,https://cheatsheetseries.owasp.org/cheatsheets/Cryptographic_Storage_Cheat_Sheet.html,NULL,0
41,dlpPasswordSprayingChallenge,"Once you have it, a technique called ""Password Spraying"" might prove useful.",Leaked Access Logs,OSINT,0,https://pwning.owasp-juice.shop/companion-guide/latest/part2/sensitive-data-exposure.html#_dumpster_dive_the_internet_for_a_leaked_password_and_log_in_to_the_original_user_account_it_belongs_to,Sensitive Data Exposure,2024-07-02 07:39:14.017 +00:00,2024-07-02 07:39:14.017 +00:00,5,Dumpster dive the Internet for a leaked password and log in to the original user account it belongs to. (Creating a new account with the same password does not qualify as a solution.),NULL,https://cheatsheetseries.owasp.org/cheatsheets/Credential_Stuffing_Prevention_Cheat_Sheet.html,NULL,0
42,dlpPastebinDataLeakChallenge,Your own SQLi and someone else's Ctrl-V will be your accomplices in this challenge!,Leaked Unsafe Product,"Shenanigans,OSINT",0,https://pwning.owasp-juice.shop/companion-guide/latest/part2/sensitive-data-exposure.html#_identify_an_unsafe_product_that_was_removed_from_the_shop_and_inform_the_shop_which_ingredients_are_dangerous,Sensitive Data Exposure,2024-07-02 07:39:14.018 +00:00,2024-07-02 07:39:14.018 +00:00,4,"Identify an unsafe product that was removed from the shop and <a href=""/#/contact"">inform the shop</a> which ingredients are dangerous.",NULL,NULL,NULL,0
43,typosquattingNpmChallenge,This challenge has nothing to do with mistyping web domains. Investigate the forgotten developer's backup file instead.,Legacy Typosquatting,NULL,0,https://pwning.owasp-juice.shop/companion-guide/latest/part2/vulnerable-components.html#_inform_the_shop_about_a_typosquatting_trick_it_has_been_a_victim_of,Vulnerable Components,2024-07-02 07:39:14.018 +00:00,2024-07-02 07:39:14.018 +00:00,4,"<a href=""/#/contact"">Inform the shop</a> about a <i>typosquatting</i> trick it has been a victim of at least in <code>v6.2.0-SNAPSHOT</code>. (Mention the exact name of the culprit)",NULL,https://cheatsheetseries.owasp.org/cheatsheets/Vulnerable_Dependency_Management_Cheat_Sheet.html,NULL,0
44,loginAdminChallenge,Try different SQL Injection attack patterns depending whether you know the admin's email address or not.,Login Admin,"Tutorial,Good for Demos",1,https://pwning.owasp-juice.shop/companion-guide/latest/part2/injection.html#_log_in_with_the_administrators_user_account,Injection,2024-07-02 07:39:14.018 +00:00,2024-07-02 08:01:53.199 +00:00,2,Log in with the administrator's user account.,NULL,https://cheatsheetseries.owasp.org/cheatsheets/SQL_Injection_Prevention_Cheat_Sheet.html,5,0
45,loginAmyChallenge,This challenge will make you go after a needle in a haystack.,Login Amy,OSINT,0,https://pwning.owasp-juice.shop/companion-guide/latest/part2/sensitive-data-exposure.html#_log_in_with_amys_original_user_credentials,Sensitive Data Exposure,2024-07-02 07:39:14.018 +00:00,2024-07-02 07:39:14.018 +00:00,3,"Log in with Amy's original user credentials. (This could take 93.83 billion trillion trillion centuries to brute force, but luckily she did not read the ""One Important Final Note"")",NULL,NULL,NULL,0
46,loginBenderChallenge,"If you know Bender's email address, try SQL Injection. Bender's password hash might not help you very much.",Login Bender,Tutorial,0,https://pwning.owasp-juice.shop/companion-guide/latest/part2/injection.html#_log_in_with_benders_user_account,Injection,2024-07-02 07:39:14.018 +00:00,2024-07-02 07:39:14.018 +00:00,3,Log in with Bender's user account.,NULL,https://cheatsheetseries.owasp.org/cheatsheets/SQL_Injection_Prevention_Cheat_Sheet.html,10,0
47,oauthUserPasswordChallenge,The security flaw behind this challenge is 100% OWASP Juice Shop's fault and 0% Google's.,Login Bjoern,Code Analysis,0,https://pwning.owasp-juice.shop/companion-guide/latest/part2/broken-authentication.html#_log_in_with_bjoerns_gmail_account,Broken Authentication,2024-07-02 07:39:14.018 +00:00,2024-07-02 07:39:14.018 +00:00,4,"Log in with Bjoern's Gmail account <i>without</i> previously changing his password, applying SQL Injection, or hacking his Google account.",NULL,https://cheatsheetseries.owasp.org/cheatsheets/Authentication_Cheat_Sheet.html,NULL,0
48,loginJimChallenge,"Try cracking Jim's password hash if you harvested it already. Alternatively, if you know Jim's email address, try SQL Injection.",Login Jim,Tutorial,0,https://pwning.owasp-juice.shop/companion-guide/latest/part2/injection.html#_log_in_with_jims_user_account,Injection,2024-07-02 07:39:14.018 +00:00,2024-07-02 07:39:14.018 +00:00,3,Log in with Jim's user account.,NULL,https://cheatsheetseries.owasp.org/cheatsheets/SQL_Injection_Prevention_Cheat_Sheet.html,9,0
49,loginRapperChallenge,"You should listen to MC's hit song ""Protect Ya Passwordz"".",Login MC SafeSearch,"Shenanigans,OSINT",0,https://pwning.owasp-juice.shop/companion-guide/latest/part2/sensitive-data-exposure.html#_log_in_with_mc_safesearchs_original_user_credentials,Sensitive Data Exposure,2024-07-02 07:39:14.018 +00:00,2024-07-02 07:39:14.018 +00:00,2,Log in with MC SafeSearch's original user credentials without applying SQL Injection or any other bypass.,NULL,NULL,NULL,0
50,loginSupportChallenge,The underlying flaw of this challenge is a lot more human error than technical weakness.,Login Support Team,"Brute Force,Code Analysis",0,https://pwning.owasp-juice.shop/companion-guide/latest/part2/security-misconfiguration.html#_log_in_with_the_support_teams_original_user_credentials,Security Misconfiguration,2024-07-02 07:39:14.018 +00:00,2024-07-02 07:39:14.018 +00:00,6,Log in with the support team's original user credentials without applying SQL Injection or any other bypass.,NULL,https://cheatsheetseries.owasp.org/cheatsheets/Authentication_Cheat_Sheet.html,NULL,0
51,basketManipulateChallenge,Have an eye on the HTTP traffic while placing products in the shopping basket. Changing the quantity of products already in the basket doesn't count.,Manipulate Basket,NULL,0,https://pwning.owasp-juice.shop/companion-guide/latest/part2/broken-access-control.html#_put_an_additional_product_into_another_users_shopping_basket,Broken Access Control,2024-07-02 07:39:14.018 +00:00,2024-07-02 07:39:14.018 +00:00,3,Put an additional product into another user's shopping basket.,NULL,https://cheatsheetseries.owasp.org/cheatsheets/Authorization_Cheat_Sheet.html,NULL,0
52,misplacedSignatureFileChallenge,You need to trick a security mechanism into thinking that the file you want has a valid file type.,Misplaced Signature File,"Good Practice,Contraption",0,https://pwning.owasp-juice.shop/companion-guide/latest/part2/sensitive-data-exposure.html#_access_a_misplaced_siem_signature_file,Sensitive Data Exposure,2024-07-02 07:39:14.018 +00:00,2024-07-02 07:39:14.018 +00:00,4,"Access a misplaced <a href=""https://github.com/Neo23x0/sigma"">SIEM signature</a> file.",NULL,https://cheatsheetseries.owasp.org/cheatsheets/Logging_Cheat_Sheet.html,NULL,0
53,timingAttackChallenge,Punctuality is the politeness of kings.,Multiple Likes,NULL,0,https://pwning.owasp-juice.shop/companion-guide/latest/part2/broken-anti-automation.html#_like_any_review_at_least_three_times_as_the_same_user,Broken Anti Automation,2024-07-02 07:39:14.018 +00:00,2024-07-02 07:39:14.018 +00:00,6,Like any review at least three times as the same user.,NULL,NULL,NULL,0
54,easterEggLevelTwoChallenge,You might have to peel through several layers of tough-as-nails encryption for this challenge.,Nested Easter Egg,"Shenanigans,Good for Demos",0,https://pwning.owasp-juice.shop/companion-guide/latest/part2/cryptographic-issues.html#_apply_some_advanced_cryptanalysis_to_find_the_real_easter_egg,Cryptographic Issues,2024-07-02 07:39:14.018 +00:00,2024-07-02 07:39:14.018 +00:00,4,Apply some advanced cryptanalysis to find <i>the real</i> easter egg.,NULL,NULL,NULL,0
55,noSqlCommandChallenge,This challenge is essentially a stripped-down Denial of Service (DoS) attack.,NoSQL DoS,Danger Zone,0,https://pwning.owasp-juice.shop/companion-guide/latest/part2/injection.html#_let_the_server_sleep_for_some_time,Injection,2024-07-02 07:39:14.019 +00:00,2024-07-02 07:39:14.019 +00:00,4,Let the server sleep for some time. (It has done more than enough hard work for you) <em>(This challenge is <strong>potentially harmful</strong> on Docker!)</em>,Docker,https://cheatsheetseries.owasp.org/cheatsheets/Denial_of_Service_Cheat_Sheet.html,NULL,0
56,noSqlOrdersChallenge,Take a close look on how the $where query operator works in MongoDB.,NoSQL Exfiltration,Danger Zone,0,https://pwning.owasp-juice.shop/companion-guide/latest/part2/injection.html#_all_your_orders_are_belong_to_us,Injection,2024-07-02 07:39:14.019 +00:00,2024-07-02 07:39:14.019 +00:00,5,All your orders are belong to us! Even the ones which don't. <em>(This challenge is <strong>potentially harmful</strong> on Docker!)</em>,Docker,https://cheatsheetseries.owasp.org/cheatsheets/Injection_Prevention_Cheat_Sheet.html,NULL,0
57,noSqlReviewsChallenge,Take a close look on how the equivalent of UPDATE-statements in MongoDB work.,NoSQL Manipulation,NULL,0,https://pwning.owasp-juice.shop/companion-guide/latest/part2/injection.html#_update_multiple_product_reviews_at_the_same_time,Injection,2024-07-02 07:39:14.019 +00:00,2024-07-02 07:39:14.019 +00:00,4,Update multiple product reviews at the same time.,NULL,https://cheatsheetseries.owasp.org/cheatsheets/Injection_Prevention_Cheat_Sheet.html,NULL,0
58,redirectCryptoCurrencyChallenge,We might have failed to take this out of our code properly.,Outdated Allowlist,Code Analysis,0,https://pwning.owasp-juice.shop/companion-guide/latest/part2/unvalidated-redirects.html#_let_us_redirect_you_to_one_of_our_crypto_currency_addresses,Unvalidated Redirects,2024-07-02 07:39:14.019 +00:00,2024-07-02 07:39:14.019 +00:00,1,Let us redirect you to one of our crypto currency addresses which are not promoted any longer.,NULL,https://cheatsheetseries.owasp.org/cheatsheets/Unvalidated_Redirects_and_Forwards_Cheat_Sheet.html,NULL,0
59,weakPasswordChallenge,"This one should be equally easy to a) brute force, b) crack the password hash or c) simply guess.",Password Strength,"Brute Force,Tutorial",1,https://pwning.owasp-juice.shop/companion-guide/latest/part2/broken-authentication.html#_log_in_with_the_administrators_user_credentials_without_previously_changing_them_or_applying_sql_injection,Broken Authentication,2024-07-02 07:39:14.019 +00:00,2024-07-02 08:01:53.191 +00:00,2,Log in with the administrator's user credentials without previously changing them or applying SQL Injection.,NULL,https://cheatsheetseries.owasp.org/cheatsheets/Authentication_Cheat_Sheet.html,6,0
60,negativeOrderChallenge,You literally need to make the shop owe you any amount of money.,Payback Time,NULL,0,https://pwning.owasp-juice.shop/companion-guide/latest/part2/improper-input-validation.html#_place_an_order_that_makes_you_rich,Improper Input Validation,2024-07-02 07:39:14.019 +00:00,2024-07-02 07:39:14.019 +00:00,3,Place an order that makes you rich.,NULL,https://cheatsheetseries.owasp.org/cheatsheets/Input_Validation_Cheat_Sheet.html,NULL,0
61,premiumPaywallChallenge,"You do not have to pay anything to unlock this challenge! Nonetheless, donations are very much appreciated.",Premium Paywall,Shenanigans,0,https://pwning.owasp-juice.shop/companion-guide/latest/part2/cryptographic-issues.html#_unlock_premium_challenge_to_access_exclusive_content,Cryptographic Issues,2024-07-02 07:39:14.019 +00:00,2024-07-02 07:39:14.019 +00:00,6,"<i class=""far fa-gem""></i><i class=""far fa-gem""></i><i class=""far fa-gem""></i><i class=""far fa-gem""></i><i class=""far fa-gem""></i><!--IvLuRfBJYlmStf9XfL6ckJFngyd9LfV1JaaN/KRTPQPidTuJ7FR+D/nkWJUF+0xUF07CeCeqYfxq+OJVVa0gNbqgYkUNvn//UbE7e95C+6e+7GtdpqJ8mqm4WcPvUGIUxmGLTTAC2+G9UuFCD1DUjg==--> <a href=""https://blockchain.info/address/1AbKfgvw9psQ41NbLi8kufDQTezwG8DRZm"" target=""_blank""><i class=""fab fa-btc fa-sm""></i> Unlock Premium Challenge</a> to access exclusive content.",NULL,https://cheatsheetseries.owasp.org/cheatsheets/Key_Management_Cheat_Sheet.html,NULL,0
62,privacyPolicyChallenge,We won't even ask you to confirm that you did. Just read it. Please. Pretty please.,Privacy Policy,"Good Practice,Tutorial,Good for Demos",0,https://pwning.owasp-juice.shop/companion-guide/latest/part2/miscellaneous.html#_read_our_privacy_policy,Miscellaneous,2024-07-02 07:39:14.019 +00:00,2024-07-02 07:39:14.019 +00:00,1,Read our privacy policy.,NULL,NULL,4,0
63,privacyPolicyProofChallenge,Only by visiting a special URL you can confirm that you read it carefully.,Privacy Policy Inspection,"Shenanigans,Good for Demos",0,https://pwning.owasp-juice.shop/companion-guide/latest/part2/security-through-obscurity.html#_prove_that_you_actually_read_our_privacy_policy,Security through Obscurity,2024-07-02 07:39:14.019 +00:00,2024-07-02 07:39:14.019 +00:00,3,Prove that you actually read our privacy policy.,NULL,NULL,NULL,0
64,changeProductChallenge,"Look for one of the following: a) broken admin functionality, b) holes in RESTful API or c) possibility for SQL Injection.",Product Tampering,NULL,0,https://pwning.owasp-juice.shop/companion-guide/latest/part2/broken-access-control.html#_change_the_href_of_the_link_within_the_o_saft_product_description,Broken Access Control,2024-07-02 07:39:14.019 +00:00,2024-07-02 07:39:14.019 +00:00,3,"Change the <code>href</code> of the link within the <a href=""/#/search?q=OWASP SSL Advanced Forensic Tool (O-Saft)"">OWASP SSL Advanced Forensic Tool (O-Saft)</a> product description into <i>https://owasp.slack.com</i>.",NULL,https://cheatsheetseries.owasp.org/cheatsheets/REST_Security_Cheat_Sheet.html,NULL,0
65,reflectedXssChallenge,Look for a url parameter where its value appears in the page it is leading to.,Reflected XSS,"Danger Zone,Good for Demos",0,https://pwning.owasp-juice.shop/companion-guide/latest/part2/xss.html#_perform_a_reflected_xss_attack,XSS,2024-07-02 07:39:14.019 +00:00,2024-07-02 07:39:14.019 +00:00,2,"Perform a <i>reflected</i> XSS attack with <code>&lt;iframe src=""javascript:alert(`xss`)""&gt;</code>. <em>(This challenge is <strong>potentially harmful</strong> on Docker!)</em>",Docker,https://cheatsheetseries.owasp.org/cheatsheets/Cross_Site_Scripting_Prevention_Cheat_Sheet.html,NULL,0
66,passwordRepeatChallenge,You can solve this by cleverly interacting with the UI or bypassing it altogether.,Repetitive Registration,NULL,0,https://pwning.owasp-juice.shop/companion-guide/latest/part2/improper-input-validation.html#_follow_the_dry_principle_while_registering_a_user,Improper Input Validation,2024-07-02 07:39:14.019 +00:00,2024-07-02 07:39:14.019 +00:00,1,Follow the DRY principle while registering a user.,NULL,https://cheatsheetseries.owasp.org/cheatsheets/Input_Validation_Cheat_Sheet.html,NULL,0
67,resetPasswordBenderChallenge,"Not as trivial as Jim's but still not too difficult with some ""Futurama"" background knowledge.",Reset Bender's Password,OSINT,0,https://pwning.owasp-juice.shop/companion-guide/latest/part2/broken-authentication.html#_reset_benders_password_via_the_forgot_password_mechanism,Broken Authentication,2024-07-02 07:39:14.019 +00:00,2024-07-02 07:39:14.019 +00:00,4,"Reset Bender's password via the <a href=""/#/forgot-password"">Forgot Password</a> mechanism with <i>the original answer</i> to his security question.",NULL,https://cheatsheetseries.owasp.org/cheatsheets/Choosing_and_Using_Security_Questions_Cheat_Sheet.html,NULL,0
68,resetPasswordBjoernChallenge,Nothing a little bit of Facebook stalking couldn't reveal. Might involve a historical twist.,Reset Bjoern's Password,OSINT,0,https://pwning.owasp-juice.shop/companion-guide/latest/part2/broken-authentication.html#_reset_the_password_of_bjoerns_internal_account_via_the_forgot_password_mechanism,Broken Authentication,2024-07-02 07:39:14.019 +00:00,2024-07-02 07:39:14.019 +00:00,5,"Reset the password of Bjoern's internal account via the <a href=""/#/forgot-password"">Forgot Password</a> mechanism with <i>the original answer</i> to his security question.",NULL,https://cheatsheetseries.owasp.org/cheatsheets/Choosing_and_Using_Security_Questions_Cheat_Sheet.html,NULL,0
69,resetPasswordJimChallenge,It's hard for celebrities to pick a security question from a hard-coded list where the answer is not publicly exposed.,Reset Jim's Password,OSINT,0,https://pwning.owasp-juice.shop/companion-guide/latest/part2/broken-authentication.html#_reset_jims_password_via_the_forgot_password_mechanism,Broken Authentication,2024-07-02 07:39:14.019 +00:00,2024-07-02 07:39:14.019 +00:00,3,"Reset Jim's password via the <a href=""/#/forgot-password"">Forgot Password</a> mechanism with <i>the original answer</i> to his security question.",NULL,https://cheatsheetseries.owasp.org/cheatsheets/Choosing_and_Using_Security_Questions_Cheat_Sheet.html,NULL,0
70,resetPasswordMortyChallenge,Find a way to bypass the rate limiting and brute force the obfuscated answer to Morty's security question.,Reset Morty's Password,"OSINT,Brute Force",0,https://pwning.owasp-juice.shop/companion-guide/latest/part2/broken-anti-automation.html#_reset_mortys_password_via_the_forgot_password_mechanism,Broken Anti Automation,2024-07-02 07:39:14.020 +00:00,2024-07-02 07:39:14.020 +00:00,5,"Reset Morty's password via the <a href=""/#/forgot-password"">Forgot Password</a> mechanism with <i>his obfuscated answer</i> to his security question.",NULL,https://cheatsheetseries.owasp.org/cheatsheets/Forgot_Password_Cheat_Sheet.html,NULL,0
71,retrieveBlueprintChallenge,The product you might want to give a closer look is the OWASP Juice Shop Logo (3D-printed).,Retrieve Blueprint,NULL,0,https://pwning.owasp-juice.shop/companion-guide/latest/part2/sensitive-data-exposure.html#_deprive_the_shop_of_earnings_by_downloading_the_blueprint_for_one_of_its_products,Sensitive Data Exposure,2024-07-02 07:39:14.020 +00:00,2024-07-02 07:39:14.020 +00:00,5,Deprive the shop of earnings by downloading the blueprint for one of its products.,NULL,NULL,NULL,0
72,ssrfChallenge,Reverse engineering something bad can make good things happen.,SSRF,Code Analysis,0,https://pwning.owasp-juice.shop/companion-guide/latest/part2/broken-access-control.html#_request_a_hidden_resource_on_server_through_server,Broken Access Control,2024-07-02 07:39:14.020 +00:00,2024-07-02 07:39:14.020 +00:00,6,Request a hidden resource on server through server.,NULL,https://cheatsheetseries.owasp.org/cheatsheets/Server_Side_Request_Forgery_Prevention_Cheat_Sheet.html,NULL,0
73,sstiChallenge,"""SSTi"" is a clear indicator that this has nothing to do with anything Angular. Also, make sure to use only our non-malicious malware.",SSTi,"Contraption,Danger Zone,Code Analysis",0,https://pwning.owasp-juice.shop/companion-guide/latest/part2/injection.html#_infect_the_server_with_juicy_malware_by_abusing_arbitrary_command_execution,Injection,2024-07-02 07:39:14.020 +00:00,2024-07-02 07:39:14.020 +00:00,6,Infect the server with juicy malware by abusing arbitrary command execution. <em>(This challenge is <strong>potentially harmful</strong> on Docker!)</em>,Docker,NULL,NULL,0
74,scoreBoardChallenge,Try to find a reference or clue behind the scenes. Or simply guess what URL the Score Board might have.,Score Board,"Tutorial,Code Analysis",0,https://pwning.owasp-juice.shop/companion-guide/latest/part2/score-board.html#_find_the_carefully_hidden_score_board_page,Miscellaneous,2024-07-02 07:39:14.020 +00:00,2024-07-02 07:39:14.020 +00:00,1,Find the carefully hidden 'Score Board' page.,NULL,NULL,1,0
75,securityPolicyChallenge,Undoubtedly you want to read our security policy before conducting any research on our application.,Security Policy,Good Practice,0,https://pwning.owasp-juice.shop/companion-guide/latest/part2/miscellaneous.html#_behave_like_any_white_hat_should_before_getting_into_the_action,Miscellaneous,2024-07-02 07:39:14.020 +00:00,2024-07-02 07:39:14.020 +00:00,2,"Behave like any ""white-hat"" should before getting into the action.",NULL,https://cheatsheetseries.owasp.org/cheatsheets/Vulnerability_Disclosure_Cheat_Sheet.html,NULL,0
76,persistedXssFeedbackChallenge,"The ""Comment"" field in the ""Customer Feedback"" screen is where you want to put your focus on.",Server-side XSS Protection,Danger Zone,0,https://pwning.owasp-juice.shop/companion-guide/latest/part2/xss.html#_perform_a_persisted_xss_attack_bypassing_a_server_side_security_mechanism,XSS,2024-07-02 07:39:14.020 +00:00,2024-07-02 07:39:14.020 +00:00,4,"Perform a <i>persisted</i> XSS attack with <code>&lt;iframe src=""javascript:alert(`xss`)""&gt;</code> bypassing a <i>server-side</i> security mechanism. <em>(This challenge is <strong>potentially harmful</strong> on Docker!)</em>",Docker,https://cheatsheetseries.owasp.org/cheatsheets/Cross_Site_Scripting_Prevention_Cheat_Sheet.html,NULL,0
77,hiddenImageChallenge,"No matter how good your eyes are, you will need tool assistance for this challenge.",Steganography,Shenanigans,0,https://pwning.owasp-juice.shop/companion-guide/latest/part2/security-through-obscurity.html#_rat_out_a_notorious_character_hiding_in_plain_sight_in_the_shop,Security through Obscurity,2024-07-02 07:39:14.020 +00:00,2024-07-02 07:39:14.020 +00:00,4,"<a href=""/#/contact"">Rat out</a> a notorious character hiding in plain sight in the shop. (Mention the exact name of the character)",NULL,NULL,NULL,0
78,rceOccupyChallenge,Your attack payload must not trigger the protection against too many iterations.,Successful RCE DoS,Danger Zone,0,https://pwning.owasp-juice.shop/companion-guide/latest/part2/insecure-deserialization.html#_perform_a_remote_code_execution_that_occupies_the_server_for_a_while_without_using_infinite_loops,Insecure Deserialization,2024-07-02 07:39:14.020 +00:00,2024-07-02 07:39:14.020 +00:00,6,Perform a Remote Code Execution that occupies the server for a while without using infinite loops. <em>(This challenge is <strong>potentially harmful</strong> on Docker!)</em>,Docker,https://cheatsheetseries.owasp.org/cheatsheets/Denial_of_Service_Cheat_Sheet.html,NULL,0
79,supplyChainAttackChallenge,This vulnerability will not affect any customer of the shop. It is aimed exclusively at its developers.,Supply Chain Attack,OSINT,0,https://pwning.owasp-juice.shop/companion-guide/latest/part2/vulnerable-components.html#_inform_the_development_team_about_a_danger_to_some_of_their_credentials,Vulnerable Components,2024-07-02 07:39:14.020 +00:00,2024-07-02 07:39:14.020 +00:00,5,"<a href=""/#/contact"">Inform the development team</a> about a danger to some of <em>their</em> credentials. (Send them the URL of the <em>original report</em> or an assigned CVE or another identifier of this vulnerability)",NULL,NULL,NULL,0
80,twoFactorAuthUnsafeSecretStorageChallenge,The 2FA implementation requires to store a secret for every user. You will need to find a way to access this secret in order to solve this challenge.,Two Factor Authentication,NULL,0,https://pwning.owasp-juice.shop/companion-guide/latest/part2/broken-authentication.html#_solve_the_2fa_challenge_for_user_wurstbrot,Broken Authentication,2024-07-02 07:39:14.021 +00:00,2024-07-02 07:39:14.021 +00:00,5,"Solve the 2FA challenge for user ""wurstbrot"". (Disabling, bypassing or overwriting his 2FA settings does not count as a solution)",NULL,https://cheatsheetseries.owasp.org/cheatsheets/Multifactor_Authentication_Cheat_Sheet.html,NULL,0
81,jwtUnsignedChallenge,This challenge exploits a weird option that is supported when signing tokens with JWT.,Unsigned JWT,NULL,0,https://pwning.owasp-juice.shop/companion-guide/latest/part2/vulnerable-components.html#_forge_an_essentially_unsigned_jwt_token,Vulnerable Components,2024-07-02 07:39:14.021 +00:00,2024-07-02 07:39:14.021 +00:00,5,Forge an essentially unsigned JWT token that impersonates the (non-existing) user <i>jwtn3d@juice-sh.op</i>.,NULL,https://cheatsheetseries.owasp.org/cheatsheets/JSON_Web_Token_for_Java_Cheat_Sheet.html,NULL,0
82,uploadSizeChallenge,"You can attach a small file to the ""Complaint"" form. Investigate how this upload actually works.",Upload Size,NULL,0,https://pwning.owasp-juice.shop/companion-guide/latest/part2/improper-input-validation.html#_upload_a_file_larger_than_100_kb,Improper Input Validation,2024-07-02 07:39:14.021 +00:00,2024-07-02 07:39:14.021 +00:00,3,Upload a file larger than 100 kB.,NULL,https://cheatsheetseries.owasp.org/cheatsheets/File_Upload_Cheat_Sheet.html,NULL,0
83,uploadTypeChallenge,"You can attach a PDF or ZIP file to the ""Complaint"" form. Investigate how this upload actually works.",Upload Type,NULL,0,https://pwning.owasp-juice.shop/companion-guide/latest/part2/improper-input-validation.html#_upload_a_file_that_has_no_pdf_or_zip_extension,Improper Input Validation,2024-07-02 07:39:14.021 +00:00,2024-07-02 07:39:14.021 +00:00,3,Upload a file that has no .pdf or .zip extension.,NULL,https://cheatsheetseries.owasp.org/cheatsheets/File_Upload_Cheat_Sheet.html,NULL,0
84,unionSqlInjectionChallenge,Gather information on where user data is stored and how it is addressed. Then craft a corresponding UNION SELECT attack.,User Credentials,NULL,0,https://pwning.owasp-juice.shop/companion-guide/latest/part2/injection.html#_retrieve_a_list_of_all_user_credentials_via_sql_injection,Injection,2024-07-02 07:39:14.021 +00:00,2024-07-02 07:39:14.021 +00:00,4,Retrieve a list of all user credentials via SQL Injection.,NULL,https://cheatsheetseries.owasp.org/cheatsheets/SQL_Injection_Prevention_Cheat_Sheet.html,NULL,0
85,videoXssChallenge,You have to reuse the vulnerability behind one other 6-star challenge to be able to solve this one.,Video XSS,Danger Zone,0,https://pwning.owasp-juice.shop/companion-guide/latest/part2/xss.html#_embed_an_xss_payload_into_our_promo_video,XSS,2024-07-02 07:39:14.021 +00:00,2024-07-02 07:39:14.021 +00:00,6,Embed an XSS payload <code>&lt;/script&gt;&lt;script&gt;alert(`xss`)&lt;/script&gt;</code> into our promo video. <em>(This challenge is <strong>potentially harmful</strong> on Docker!)</em>,Docker,https://cheatsheetseries.owasp.org/cheatsheets/Cross_Site_Scripting_Prevention_Cheat_Sheet.html,NULL,0
86,basketAccessChallenge,Have an eye on the HTTP traffic while shopping. Alternatively try to find a client-side association of users to their basket.,View Basket,"Tutorial,Good for Demos",0,https://pwning.owasp-juice.shop/companion-guide/latest/part2/broken-access-control.html#_view_another_users_shopping_basket,Broken Access Control,2024-07-02 07:39:14.021 +00:00,2024-07-02 07:39:14.021 +00:00,2,View another user's shopping basket.,NULL,https://cheatsheetseries.owasp.org/cheatsheets/Authorization_Cheat_Sheet.html,7,0
87,knownVulnerableComponentChallenge,"Report one of two possible answers via the ""Customer Feedback"" form. Do not forget to submit the library's version as well.",Vulnerable Library,OSINT,0,https://pwning.owasp-juice.shop/companion-guide/latest/part2/vulnerable-components.html#_inform_the_shop_about_a_vulnerable_library_it_is_using,Vulnerable Components,2024-07-02 07:39:14.021 +00:00,2024-07-02 07:39:14.021 +00:00,4,"<a href=""/#/contact"">Inform the shop</a> about a vulnerable library it is using. (Mention the exact library name and version in your comment)",NULL,https://cheatsheetseries.owasp.org/cheatsheets/Vulnerability_Disclosure_Cheat_Sheet.html,NULL,0
88,weirdCryptoChallenge,"Report one of four possible answers via the ""Customer Feedback"" form.",Weird Crypto,NULL,0,https://pwning.owasp-juice.shop/companion-guide/latest/part2/cryptographic-issues.html#_inform_the_shop_about_an_algorithm_or_library_it_should_definitely_not_use_the_way_it_does,Cryptographic Issues,2024-07-02 07:39:14.021 +00:00,2024-07-02 07:39:14.021 +00:00,2,"<a href=""/#/contact"">Inform the shop</a> about an algorithm or library it should definitely not use the way it does.",NULL,https://cheatsheetseries.owasp.org/cheatsheets/Vulnerability_Disclosure_Cheat_Sheet.html,NULL,0
89,redirectChallenge,You have to find a way to beat the allowlist of allowed redirect URLs.,Allowlist Bypass,Prerequisite,0,https://pwning.owasp-juice.shop/companion-guide/latest/part2/unvalidated-redirects.html#_enforce_a_redirect_to_a_page_you_are_not_supposed_to_redirect_to,Unvalidated Redirects,2024-07-02 07:39:14.021 +00:00,2024-07-02 07:39:14.021 +00:00,4,Enforce a redirect to a page you are not supposed to redirect to.,NULL,https://cheatsheetseries.owasp.org/cheatsheets/Unvalidated_Redirects_and_Forwards_Cheat_Sheet.html,NULL,0
90,xxeFileDisclosureChallenge,The leverage point for this challenge is the deprecated B2B interface.,XXE Data Access,Danger Zone,0,https://pwning.owasp-juice.shop/companion-guide/latest/part2/xxe.html#_retrieve_the_content_of_cwindowssystemini_or_etcpasswd_from_the_server,XXE,2024-07-02 07:39:14.021 +00:00,2024-07-02 07:39:14.021 +00:00,3,Retrieve the content of <code>C:\\Windows\\system.ini</code> or <code>/etc/passwd</code> from the server. <em>(This challenge is <strong>potentially harmful</strong> on Docker!)</em>,Docker,https://cheatsheetseries.owasp.org/cheatsheets/XML_External_Entity_Prevention_Cheat_Sheet.html,NULL,0
91,xxeDosChallenge,It is not as easy as sending a large amount of data directly to the deprecated B2B interface.,XXE DoS,Danger Zone,0,https://pwning.owasp-juice.shop/companion-guide/latest/part2/xxe.html#_give_the_server_something_to_chew_on_for_quite_a_while,XXE,2024-07-02 07:39:14.021 +00:00,2024-07-02 07:39:14.021 +00:00,5,Give the server something to chew on for quite a while. <em>(This challenge is <strong>potentially harmful</strong> on Docker!)</em>,Docker,https://cheatsheetseries.owasp.org/cheatsheets/XML_External_Entity_Prevention_Cheat_Sheet.html,NULL,0
92,zeroStarsChallenge,"Before you invest time bypassing the API, you might want to play around with the UI a bit.",Zero Stars,NULL,0,https://pwning.owasp-juice.shop/companion-guide/latest/part2/improper-input-validation.html#_give_a_devastating_zero_star_feedback_to_the_store,Improper Input Validation,2024-07-02 07:39:14.021 +00:00,2024-07-02 07:39:14.021 +00:00,1,Give a devastating zero-star feedback to the store.,NULL,NULL,NULL,0
93,missingEncodingChallenge,Check the Photo Wall for an image that could not be loaded correctly.,Missing Encoding,Shenanigans,0,https://pwning.owasp-juice.shop/companion-guide/latest/part2/improper-input-validation.html#_retrieve_the_photo_of_bjoerns_cat_in_melee_combat_mode,Improper Input Validation,2024-07-02 07:39:14.021 +00:00,2024-07-02 07:39:14.021 +00:00,1,"Retrieve the photo of Bjoern's cat in ""melee combat-mode"".",NULL,NULL,NULL,0
94,svgInjectionChallenge,This challenge would formally have to be in several categories as the developers made multiple gaffes for this to be possible.,Cross-Site Imaging,Contraption,0,https://pwning.owasp-juice.shop/companion-guide/latest/part2/security-misconfiguration.html#_stick_cute_cross_domain_kittens_all_over_our_delivery_boxes,Security Misconfiguration,2024-07-02 07:39:14.021 +00:00,2024-07-02 07:39:14.021 +00:00,5,"Stick <a href=""http://placekitten.com/"" target=""_blank"">cute cross-domain kittens</a> all over our delivery boxes.",NULL,NULL,NULL,0
95,exposedMetricsChallenge,Try to guess what URL the endpoint might have.,Exposed Metrics,Good Practice,1,https://pwning.owasp-juice.shop/companion-guide/latest/part2/sensitive-data-exposure.html#_find_the_endpoint_that_serves_usage_data_to_be_scraped_by_a_popular_monitoring_system,Sensitive Data Exposure,2024-07-02 07:39:14.021 +00:00,2024-07-02 09:37:41.868 +00:00,1,"Find the endpoint that serves usage data to be scraped by a <a href=""https://github.com/prometheus/prometheus"">popular monitoring system</a>.",NULL,NULL,NULL,0
96,freeDeluxeChallenge,Look closely at what happens when you attempt to upgrade your account.,Deluxe Fraud,NULL,0,https://pwning.owasp-juice.shop/companion-guide/latest/part2/improper-input-validation.html#_obtain_a_deluxe_membership_without_paying_for_it,Improper Input Validation,2024-07-02 07:39:14.021 +00:00,2024-07-02 07:39:14.021 +00:00,3,Obtain a Deluxe Membership without paying for it.,NULL,NULL,NULL,0
97,csrfChallenge,Find a form which updates the username and then construct a malicious page in the online HTML editor. You probably need an older browser version for this.,CSRF,NULL,0,https://pwning.owasp-juice.shop/companion-guide/latest/part2/broken-access-control.html#_change_the_name_of_a_user_by_performing_cross_site_request_forgery_from_another_origin,Broken Access Control,2024-07-02 07:39:14.021 +00:00,2024-07-02 07:39:14.021 +00:00,3,"Change the name of a user by performing Cross-Site Request Forgery from <a href=""http://htmledit.squarefree.com"">another origin</a>.",NULL,https://cheatsheetseries.owasp.org/cheatsheets/Cross-Site_Request_Forgery_Prevention_Cheat_Sheet.html,NULL,0
98,xssBonusChallenge,Copy + Paste = Solved!,Bonus Payload,"Shenanigans,Tutorial",0,https://pwning.owasp-juice.shop/companion-guide/latest/part2/xss.html#_use_the_bonus_payload_in_the_dom_xss_challenge,XSS,2024-07-02 07:39:14.021 +00:00,2024-07-02 07:39:14.021 +00:00,1,Use the bonus payload <code>&lt;iframe width=&quot;100%&quot; height=&quot;166&quot; scrolling=&quot;no&quot; frameborder=&quot;no&quot; allow=&quot;autoplay&quot; src=&quot;https://w.soundcloud.com/player/?url=https%3A//api.soundcloud.com/tracks/771984076&amp;color=%23ff5500&amp;auto_play=true&amp;hide_related=false&amp;show_comments=true&amp;show_user=true&amp;show_reposts=false&amp;show_teaser=true&quot;&gt;&lt;/iframe&gt;</code> in the <i>DOM XSS</i> challenge.,NULL,https://cheatsheetseries.owasp.org/cheatsheets/DOM_based_XSS_Prevention_Cheat_Sheet.html,3,0
99,resetPasswordUvoginChallenge,You might have to do some OSINT on his social media personas to find out his honest answer to the security question.,Reset Uvogin's Password,OSINT,0,https://pwning.owasp-juice.shop/companion-guide/latest/part2/sensitive-data-exposure.html#_reset_uvogins_password_via_the_forgot_password_mechanism,Sensitive Data Exposure,2024-07-02 07:39:14.022 +00:00,2024-07-02 07:39:14.022 +00:00,4,"Reset Uvogin's password via the <a href=""/#/forgot-password"">Forgot Password</a> mechanism with <i>the original answer</i> to his security question.",NULL,https://cheatsheetseries.owasp.org/cheatsheets/Choosing_and_Using_Security_Questions_Cheat_Sheet.html,NULL,0
100,geoStalkingMetaChallenge,Take a look at the meta data of the corresponding photo.,Meta Geo Stalking,OSINT,0,https://pwning.owasp-juice.shop/companion-guide/latest/part2/sensitive-data-exposure.html#_determine_the_answer_to_johns_security_question,Sensitive Data Exposure,2024-07-02 07:39:14.022 +00:00,2024-07-02 07:39:14.022 +00:00,2,"Determine the answer to John's security question by looking at an upload of him to the Photo Wall and use it to reset his password via the <a href=""/#/forgot-password"">Forgot Password</a> mechanism.",NULL,https://cheatsheetseries.owasp.org/cheatsheets/Choosing_and_Using_Security_Questions_Cheat_Sheet.html,NULL,0
101,geoStalkingVisualChallenge,Take a look at the details in the photo to determine the location of where it was taken.,Visual Geo Stalking,OSINT,0,https://pwning.owasp-juice.shop/companion-guide/latest/part2/sensitive-data-exposure.html#_determine_the_answer_to_emmas_security_question,Sensitive Data Exposure,2024-07-02 07:39:14.022 +00:00,2024-07-02 07:39:14.022 +00:00,2,"Determine the answer to Emma's security question by looking at an upload of her to the Photo Wall and use it to reset her password via the <a href=""/#/forgot-password"">Forgot Password</a> mechanism.",NULL,https://cheatsheetseries.owasp.org/cheatsheets/Choosing_and_Using_Security_Questions_Cheat_Sheet.html,NULL,0
102,killChatbotChallenge,Think of a way to get a hold of the internal workings on the chatbot API.,Kill Chatbot,Code Analysis,0,https://pwning.owasp-juice.shop/companion-guide/latest/part2/improper-input-validation.html#_permanently_disable_the_support_chatbot,Vulnerable Components,2024-07-02 07:39:14.022 +00:00,2024-07-02 07:39:14.022 +00:00,5,Permanently disable the support chatbot so that it can no longer answer customer queries.,NULL,https://cheatsheetseries.owasp.org/cheatsheets/Vulnerable_Dependency_Management_Cheat_Sheet.html,NULL,0
103,nullByteChallenge,Take a look at the details in the photo to determine the location of where it was taken.,Poison Null Byte,Prerequisite,0,https://pwning.owasp-juice.shop/companion-guide/latest/part2/improper-input-validation.html#_bypass_a_security_control_with_a_poison_null_byte,Improper Input Validation,2024-07-02 07:39:14.022 +00:00,2024-07-02 07:39:14.022 +00:00,4,"Bypass a security control with a <a href=""https://hakipedia.com/index.php/Poison_Null_Byte"">Poison Null Byte</a> to access a file not meant for your eyes.",NULL,NULL,NULL,0
104,bullyChatbotChallenge,Just keep asking.,Bully Chatbot,"Shenanigans,Brute Force",0,https://pwning.owasp-juice.shop/companion-guide/latest/part2/miscellaneous.html#_receive_a_coupon_code_from_the_support_chatbot,Miscellaneous,2024-07-02 07:39:14.022 +00:00,2024-07-02 07:39:14.022 +00:00,1,Receive a coupon code from the support chatbot.,NULL,NULL,NULL,0
105,lfrChallenge,You should read up on vulnerabilities in popular NodeJs template engines.,Local File Read,"OSINT,Danger Zone",0,https://pwning.owasp-juice.shop/companion-guide/latest/part2/vulnerable-components.html#_gain_read_access_to_an_arbitrary_local_file_on_the_web_server,Vulnerable Components,2024-07-02 07:39:14.022 +00:00,2024-07-02 07:39:14.022 +00:00,5,Gain read access to an arbitrary local file on the web server. <em>(This challenge is <strong>potentially harmful</strong> on Docker!)</em>,Docker,NULL,NULL,0
106,closeNotificationsChallenge,Either check the official documentation or inspect a notification UI element directly.,Mass Dispel,NULL,0,https://pwning.owasp-juice.shop/companion-guide/latest/part2/score-board.html#_close_multiple_challenge_solved_notifications_in_one_go,Miscellaneous,2024-07-02 07:39:14.022 +00:00,2024-07-02 07:39:14.022 +00:00,1,"Close multiple ""Challenge solved""-notifications in one go.",NULL,NULL,NULL,0
107,csafChallenge,Security Advisories are often listed in the security.txt,Security Advisory,NULL,0,<blank>,Miscellaneous,2024-07-02 07:39:14.022 +00:00,2024-07-02 07:39:14.022 +00:00,3," The Juice Shop is susceptible to a known vulnerability in a library, for which an advisory has already been issued, marking the Juice Shop as <i>known affected</i>. A fix is still pending. <a href=""/#/contact"">Inform the shop</a> about a suitable checksum as proof that you did your due diligence.",NULL,NULL,NULL,0

